Idontknow,idontknowyourname,PUBLISHED
원본2,원본2,PUBLISHED
일기를써보자!,일기를써보자!,PUBLISHED
일기를써보자!,일기를써보자!,PUBLISHED
일기를 써보자!,일기를써보자!,PUBLISHED
일기를 써보자!,일기를써보자!,PUBLISHED
일기를 써보자!,일기를써보자!,PUBLISHED
일기를 써보자!,일기를써보자!,PUBLISHED
일기를 써보자!,일기를써보자!,PUBLISHED
일기를 써보자!,일기를써보자!,PUBLISHED
일기를 써보자!,일기를써보자!,PUBLISHED
일기를 써보자!,일기를써보자!,PUBLISHED
일기를 써보자!,일기를써보자!,PUBLISHED
일기를 써보자!,일기를써보자!,PUBLISHED
일기를 써보자!,일기를써보자!,PUBLISHED
일기를 써보자!,일기를써보자!,PUBLISHED
일기를 써보자!,일기를써보자!,PUBLISHED
일기를 써보자!,일기를써보자!,PUBLISHED
일기를 써보자!,일기를써보자!,PUBLISHED
일기를 써보자!,일기를써보자!,PUBLISHED
일기를 써보자!,일기를써보자!,PUBLISHED
일기를쓰자,일기를쓰자!,PUBLISHED
일기를 진짜 쓰자!,일기를 스자!,PUBLISHED
일기를 진짜 쓰자!,일기를 스자!,PUBLISHED
일기를 진짜 쓰자!,일기를 스자!,PUBLISHED
일기를 진짜 쓰자!,일기를 스자!,PUBLISHED
일기를 진짜 쓰자!,일기를 스자!,PUBLISHED
일기를 진짜 쓰자!,일기를 스자!,PUBLISHED
일기를 진짜 쓰자!,일기를 스자!,PUBLISHED
일기를 진짜 쓰자!,일기를 스자!,PUBLISHED
일기를 진짜 쓰자!,일기를 스자!,PUBLISHED
일기를 진짜 쓰자!,일기를 스자!,PUBLISHED
일기를 진짜 쓰자!,일기를 스자!,PUBLISHED
일기를 진짜 쓰자!,일기를 스자!,PUBLISHED
일기를 진짜 쓰자!,일기를 스자!,PUBLISHED
일기를 진짜 쓰자!,일기를 스자!,PUBLISHED
일기를 진짜 쓰자!,일기를 스자!,PUBLISHED
일기를 진짜 쓰자!,일기를 스자!,PUBLISHED
12,12,PUBLISHED
12,12,PUBLISHED
12,12,PUBLISHED
last,last,PUBLISHED
4,12,PUBLISHED
4,4,PUBLISHED
4,4,PUBLISHED
4,4,PUBLISHED
123,123,PUBLISHED
123,123,PUBLISHED
123,123,PUBLISHED
412,31,PUBLISHED
